dataset,sum,count,acc
Kazakhstan,681,3260,0.20889570552147238
biology,278,1536,0.18098958333333334
const,75,414,0.18115942028985507
dastur,153,1005,0.15223880597014924
english,361,2197,0.16431497496586253
geography,260,1718,0.15133876600698487
history,149,1228,0.12133550488599348
kazakh,883,4688,0.18835324232081913
mmlu,379,1531,0.24755062050947094
right,42,222,0.1891891891891892
чч,0,1,0.0
