dataset,sum,count,acc
Kazakhstan,616,3260,0.18895705521472392
biology,499,1536,0.3248697916666667
const,71,414,0.17149758454106281
dastur,206,1005,0.20497512437810944
english,455,2197,0.20710059171597633
geography,389,1718,0.22642607683352736
history,152,1228,0.1237785016286645
kazakh,1079,4688,0.23016211604095563
mmlu,401,1531,0.26192031352057477
right,55,222,0.24774774774774774
чч,0,1,0.0
